{"cameraMode":{"drawMode":0,"name":"Shaded","section":"Shading Mode"},"sceneLighting":false,"audioPlay":false,"sceneViewState":{"showFog":true,"showMaterialUpdate":false,"showSkybox":false,"showFlares":true,"showImageEffects":true,"showParticleSystems":true,"showVisualEffectGraphs":true,"m_FxEnabled":true},"in2DMode":false,"pivot":{"x":0.3995767831802368,"y":-1.9391107559204102,"z":1.4587960243225098},"rotation":{"x":-0.5120034217834473,"y":0.07325444370508194,"z":-0.04388123378157616,"w":-0.8547322154045105},"size":1.6760038137435914,"orthographic":true}